{
  "chrf": 21.89915933815109,
  "bleu": 2.4401315001868147
}