{
  "chrf": 23.287164069761726,
  "bleu": 2.609263200673394
}