{
  "config": {
    "model": "google/gemma-3-1b-it",
    "support_size": 5,
    "base_langs": [
      "az",
      "be",
      "en"
    ],
    "target_langs": [
      "tr",
      "uk"
    ]
  },
  "evaluations": {
    "zero_shot": {
      "az_en": 8.341803063207472,
      "tr_az": 4.990367679308906,
      "tr_en": 22.77571245526139,
      "en_az": 0.9888070041141587,
      "az_tr": 2.569451885322156,
      "en_tr": 17.538885165001044
    },
    "few_shot_1": {
      "az_tr": 2.1606109103932525,
      "tr_az": 3.338558403970248,
      "en_tr": 6.526859376817811,
      "tr_en": 20.222419788291763
    },
    "few_shot_5": {
      "az_tr": 4.263144273055938,
      "tr_az": 9.605624159056749,
      "en_tr": 10.976438032909812,
      "tr_en": 14.89391516190766
    },
    "transfer_1": {
      "az_tr": 2.1606109103932525,
      "tr_az": 3.338558403970248,
      "en_tr": 6.526859376817811,
      "tr_en": 20.222419788291763
    },
    "transfer_5": {
      "az_tr": 4.263144273055938,
      "tr_az": 9.605624159056749,
      "en_tr": 10.976438032909812,
      "tr_en": 14.89391516190766
    }
  },
  "summary": {
    "zero_shot": {
      "mean": 9.534171208702523,
      "min": 0.9888070041141587,
      "max": 22.77571245526139,
      "count": 6
    },
    "few_shot_1": {
      "mean": 8.062112119868269,
      "min": 2.1606109103932525,
      "max": 20.222419788291763,
      "count": 4
    },
    "few_shot_5": {
      "mean": 9.93478040673254,
      "min": 4.263144273055938,
      "max": 14.89391516190766,
      "count": 4
    },
    "transfer_1": {
      "mean": 8.062112119868269,
      "min": 2.1606109103932525,
      "max": 20.222419788291763,
      "count": 4
    },
    "transfer_5": {
      "mean": 9.93478040673254,
      "min": 4.263144273055938,
      "max": 14.89391516190766,
      "count": 4
    }
  }
}