meta_step,az_en,en_az,meta_average,test_performance
0,7.900034854754167,0.03460322590407686,3.9673190403291216,
