{
  "chrf": 21.851054759558806,
  "bleu": 1.6020764882395286
}