{
  "chrf": 15.968077893688932,
  "bleu": 4.590001911476183
}