{
  "chrf": 25.35110230661173,
  "bleu": 8.697752084028176
}