{
  "chrf": 22.546992001852615,
  "bleu": 2.9349728534856285
}