{
  "config": {
    "meta_steps": 50,
    "inner_steps": 5,
    "support_size": 5,
    "query_size": 3,
    "model": "google/gemma-3-1b-it",
    "base_langs": [
      "az",
      "be",
      "en"
    ],
    "target_langs": [
      "tr",
      "uk"
    ]
  },
  "training_history": {
    "be_en": [
      9.378036577717841,
      16.40186745456595,
      6.410693236458967,
      12.455950581200923,
      4.847312697056293,
      3.5525071953976877,
      10.048466048557238,
      4.557255950307923,
      9.132138268513003,
      5.197461672732317,
      11.1680196762084,
      4.8599413233695685,
      8.003358446757353,
      6.061440335501115,
      8.81696315198465,
      6.277254526446483,
      10.816721505965631,
      11.185947897736717,
      11.275379544031532,
      13.630464831849274,
      8.805380556080502,
      8.604827565993817,
      3.285522734699772,
      15.568128565897695,
      4.877828897652055,
      9.298251088752915,
      10.131595906929945,
      8.122355065683005,
      7.6277623002449095,
      8.695161907352512,
      6.6599399055495425,
      7.143423615272176,
      4.256564763728053,
      5.514923345365049,
      9.308207450578363,
      5.9114101259539416,
      9.640894290084752,
      6.831337562358789
    ],
    "be_az": [
      0.6128759234977921,
      2.0832375656212943,
      2.8622834511895654,
      1.4352409160167354,
      1.417248287096445,
      0.8393086971776662,
      0.34853646865220345,
      1.4323068150077392,
      1.0275327427146745,
      3.303919994845844,
      0.454041497733691,
      3.1868418538923104,
      0.5673395372771813,
      0.7156472479214618,
      2.472548318316528,
      1.1042498688120623,
      0.8481784276666414,
      1.334711826530401,
      1.4322512422893086,
      0.3957663242224419,
      0.44833681262428926,
      0.1466721057024024,
      0.44069057815576834,
      1.6054154970293333,
      0.6876920767225531,
      3.8371369135076017,
      0.503972065945077,
      6.4161943525157135,
      0.692788948523478
    ],
    "en_az": [
      1.4558363901028828,
      1.018514974177307,
      4.256465884713711,
      3.260279380025081,
      0.5218442507923814,
      1.0549334330633167,
      3.421215403156177,
      2.030955645874986,
      2.2206031621992746,
      1.5237566874134236,
      3.0273254642836602,
      1.4419912542411417,
      5.00087011303832,
      1.7364184565977379,
      2.188964128193267,
      2.2894541175908496,
      0.894425758990112,
      2.6751787885181337,
      0.7441270883041867,
      5.086322101084005,
      0.8469822781827708,
      2.6845553280967045,
      1.2312785910588806,
      2.101954685503008,
      3.113748220298664,
      1.2289002072157926,
      1.4628673857328496,
      4.98420043041304,
      1.9159468793501262
    ],
    "en_be": [
      0.5744870224608212,
      1.1456556489397385,
      3.2490160557732803,
      0.24596548737892313,
      0.21093099066987012,
      1.749171506416501,
      2.191053564822103,
      1.2527096551401968,
      0.7209304531830631,
      1.7725105101417327,
      1.838124808949752,
      2.275512181685336,
      0.6318831825174693,
      1.8943137818450209,
      0.7238829182556424,
      1.8875380287701233,
      1.5416843018116297,
      5.375115835920248,
      2.6096840517326254,
      1.3893931125654682,
      2.284197333410583,
      13.089048964169507,
      0.7975806672817168,
      0.792878599921972,
      2.910465836362336,
      2.314319576045296,
      0.745792529802724,
      0.47401243925854986,
      1.6562119556292927,
      2.1797571858749514,
      2.562455246904082,
      0.4881529863664262,
      4.294094591335395,
      1.1386067957038657,
      1.8545318731326557,
      4.488090378828384,
      0.39134148577156685
    ],
    "az_en": [
      4.201351462144268,
      4.189342672751396,
      5.058504782170265,
      7.973382457450723,
      5.94063450868941,
      7.58279235783121,
      3.9192700427430416,
      4.109463482775928,
      6.970505423873594,
      5.621100984350325,
      6.0499433751561265,
      7.421625831700798,
      5.339201550033951,
      4.742595977121869,
      5.22637127334075,
      11.642751634935061,
      5.948889224841763,
      3.673906556671151,
      5.340312422856159,
      4.795871485756707,
      3.0750573211870993,
      4.4442345954529685,
      3.546708200343811,
      5.421452156075773,
      3.9137205793442256,
      4.02655859334229,
      4.050209160264538,
      6.508159675304405,
      5.77335592194715,
      9.941395492444963,
      3.482775006630862,
      4.896659463949395,
      4.32729739793127,
      4.603304741584533,
      5.8852520487592
    ],
    "az_be": [
      0.6207918072826316,
      0.08457831435680697,
      5.549286809882889,
      0.06617069001954665,
      0.9815184220118903,
      0.1431786254987423,
      1.5556784006578024,
      4.6556210327211565,
      1.0457248904759713,
      2.6170270647993865,
      2.287267051070264,
      0.23857851163078078,
      1.8763728507628403,
      2.4110564944356057,
      1.6985611292902787,
      0.13441783595654241,
      8.208832405544324,
      3.641322345327481,
      0.24246434662281377,
      0.07613846302121521,
      0.17773051416961216,
      2.051600249101145,
      0.6275756833336049,
      0.033494597923539766,
      3.381880531531668,
      6.9576663080694106,
      0.0801490812441229,
      4.194300139975066,
      2.281761687251786,
      4.612465648118993,
      0.02151118073233219,
      0.7750731110693817
    ],
    "meta_average": [
      3.912025088365696,
      4.653915314621678,
      3.7352700270702206,
      5.7144930772543905,
      3.601134651767121,
      3.7102690996603096,
      3.0628791756863194,
      3.224164292026417,
      2.809327847355964,
      3.6681510406196924,
      5.016045880691356,
      2.3576217506797152,
      2.253770778780785,
      2.8188945825171285,
      4.106490607755036,
      3.1613690983844633,
      3.1480604304699122,
      3.7868164395284154,
      6.038700511307585,
      5.559576491970068,
      2.7383965109375774,
      4.327299494171556,
      2.426482350198794,
      4.471236637193287,
      6.663257755475391,
      3.076693117335921,
      5.774312644985479,
      2.868819437390292,
      2.1218408008128256,
      4.676296500312904,
      4.917273707230262,
      3.0428111023719713,
      1.9603720527174957,
      4.2969190919370925,
      3.422166021345114,
      1.6622690241065816,
      4.525627876163901,
      4.689664826839753,
      2.611820039452821,
      3.197394250525491,
      3.615156614102943,
      4.3445746025865155,
      4.076322759092565,
      3.2013442227705773,
      1.7668645215408365,
      3.681797145345543,
      4.9395780186566345,
      4.02452080773811,
      4.876840630391763,
      3.4501800113532584
    ]
  },
  "final_performance": {
    "be_en": {
      "initial": 9.378036577717841,
      "final": 6.831337562358789,
      "improvement": -2.546699015359052
    },
    "be_az": {
      "initial": 0.6128759234977921,
      "final": 0.692788948523478,
      "improvement": 0.07991302502568598
    },
    "en_az": {
      "initial": 1.4558363901028828,
      "final": 1.9159468793501262,
      "improvement": 0.4601104892472434
    },
    "en_be": {
      "initial": 0.5744870224608212,
      "final": 0.39134148577156685,
      "improvement": -0.18314553668925432
    },
    "az_en": {
      "initial": 4.201351462144268,
      "final": 5.8852520487592,
      "improvement": 1.6839005866149321
    },
    "az_be": {
      "initial": 0.6207918072826316,
      "final": 0.7750731110693817,
      "improvement": 0.1542813037867501
    },
    "meta_average": {
      "initial": 3.912025088365696,
      "final": 3.4501800113532584,
      "improvement": -0.4618450770124376
    }
  }
}