{
  "chrf": 23.71088692274581,
  "bleu": 4.298862853029715
}