{
  "chrf": 23.164526435020385,
  "bleu": 2.8251738956864796
}