{
  "config": {
    "model": "google/gemma-3-1b-it",
    "support_size": 5,
    "base_langs": [
      "az",
      "be",
      "en"
    ],
    "target_langs": [
      "tr",
      "uk"
    ]
  },
  "evaluations": {
    "zero_shot": {
      "az_tr": 1.7624145553100001,
      "be_uk": 2.2852790035572506,
      "tr_az": 1.4310456865800045,
      "az_en": 5.039677021079473,
      "en_be": 3.2318731617924947,
      "uk_en": 6.298461944219707,
      "be_en": 8.76900298611723,
      "en_tr": 4.19343735878347,
      "az_uk": 1.410398554577189,
      "en_az": 0.10130924374745333,
      "tr_be": 2.3595082264834577,
      "tr_en": 12.429786530226508,
      "be_az": 0.19188162707399437,
      "uk_tr": 1.166683466822508,
      "az_be": 0.6146510401905587,
      "tr_uk": 1.4465327906067877,
      "uk_az": 0.17595032313298156,
      "be_tr": 2.061582147297317,
      "en_uk": 4.389471044178294,
      "uk_be": 2.36709476450399
    },
    "few_shot_1": {
      "az_tr": 3.1139587269908757,
      "be_uk": 3.4676381951735946,
      "tr_az": 2.3575957592733525,
      "uk_az": 1.0807501515033724,
      "az_uk": 0.08038087405561856,
      "tr_be": 0.064227167685298,
      "be_tr": 2.4999122127385904,
      "tr_en": 17.01501268536352,
      "en_uk": 7.456902277600075,
      "uk_en": 10.823761736489478,
      "uk_be": 4.893211907941798,
      "en_tr": 2.8437885262087854
    },
    "few_shot_5": {
      "az_tr": 3.521650300920362,
      "be_uk": 2.615535526931717,
      "tr_az": 2.635572968810705,
      "uk_az": 2.1248408302921784,
      "az_uk": 0.11641504472738604,
      "tr_be": 0.10610983214827659,
      "be_tr": 2.5069672246697454,
      "tr_en": 11.939729366275419,
      "en_uk": 2.378009541258961,
      "uk_en": 10.612197869455795,
      "uk_be": 3.201072948305412,
      "en_tr": 4.77329392474787
    },
    "transfer_1": {
      "az_tr": 3.1139587269908757,
      "be_uk": 3.4676381951735946,
      "tr_az": 2.3575957592733525,
      "uk_az": 1.0807501515033724,
      "az_uk": 0.08038087405561856,
      "tr_be": 0.064227167685298,
      "be_tr": 2.4999122127385904,
      "uk_tr": 2.235764876349267,
      "tr_en": 17.01501268536352,
      "en_uk": 7.456902277600075,
      "tr_uk": 1.755824396033864,
      "uk_en": 10.823761736489478,
      "uk_be": 4.893211907941798,
      "en_tr": 2.8437885262087854
    },
    "transfer_5": {
      "az_tr": 3.521650300920362,
      "be_uk": 2.615535526931717,
      "tr_az": 2.635572968810705,
      "uk_az": 2.1248408302921784,
      "az_uk": 0.11641504472738604,
      "tr_be": 0.10610983214827659,
      "be_tr": 2.5069672246697454,
      "uk_tr": 1.9596023124840243,
      "tr_en": 11.939729366275419,
      "en_uk": 2.378009541258961,
      "tr_uk": 1.5313146936485351,
      "uk_en": 10.612197869455795,
      "uk_be": 3.201072948305412,
      "en_tr": 4.77329392474787
    }
  },
  "summary": {
    "zero_shot": {
      "mean": 3.0863020738140334,
      "min": 0.10130924374745333,
      "max": 12.429786530226508,
      "count": 20
    },
    "few_shot_1": {
      "mean": 4.64142835175203,
      "min": 0.064227167685298,
      "max": 17.01501268536352,
      "count": 12
    },
    "few_shot_5": {
      "mean": 3.877616281545319,
      "min": 0.10610983214827659,
      "max": 11.939729366275419,
      "count": 12
    },
    "transfer_1": {
      "mean": 4.263480678100534,
      "min": 0.064227167685298,
      "max": 17.01501268536352,
      "count": 14
    },
    "transfer_5": {
      "mean": 3.5730223131911703,
      "min": 0.10610983214827659,
      "max": 11.939729366275419,
      "count": 14
    }
  }
}