{
  "chrf": 24.752305006418972,
  "bleu": 5.486822219120641
}