{
  "chrf": 25.542859771901693,
  "bleu": 5.764240232730624
}