{
  "model_name": "google/gemma-3-1b-it",
  "evaluation_type": "zero_shot_baseline",
  "results": {
    "az_en": {
      "bleu": 6.729420204947379,
      "chrf": 21.310329870416968,
      "count": 100
    },
    "en_az": {
      "bleu": 0.7605015712323658,
      "chrf": 9.159125266085692,
      "count": 100
    },
    "be_en": {
      "bleu": 5.278284168910216,
      "chrf": 24.698484576007328,
      "count": 100
    },
    "en_be": {
      "bleu": 1.364603956401744,
      "chrf": 11.924630805712647,
      "count": 100
    },
    "tr_en": {
      "bleu": 10.548276584034992,
      "chrf": 31.026199274619383,
      "count": 100
    },
    "en_tr": {
      "bleu": 7.796418827818727,
      "chrf": 25.50921839594095,
      "count": 100
    },
    "uk_en": {
      "bleu": 16.53921257611141,
      "chrf": 37.44597053559056,
      "count": 100
    },
    "en_uk": {
      "bleu": 11.505588205579345,
      "chrf": 27.306993902564674,
      "count": 100
    }
  },
  "averages": {
    "base_languages": {
      "bleu": 3.533202475372926,
      "chrf": 16.773142629555657
    },
    "target_languages": {
      "bleu": 11.597374048386119,
      "chrf": 30.32209552717889
    }
  }
}