{
  "model_name": "google/gemma-3-1b-it",
  "evaluation_type": "zero_shot_baseline",
  "results": {
    "az_en": {
      "bleu": 0.02570265559500413,
      "chrf": 16.793199876800056,
      "count": 10
    },
    "en_az": {
      "bleu": 6.30620655618537e-06,
      "chrf": 1.3558855689424236,
      "count": 10
    },
    "be_en": {
      "bleu": 0.9923801053140187,
      "chrf": 23.100667972554326,
      "count": 10
    },
    "en_be": {
      "bleu": 4.517216937989381e-05,
      "chrf": 8.569331827813894,
      "count": 10
    },
    "tr_en": {
      "bleu": 2.800446427055754,
      "chrf": 18.12081297425683,
      "count": 10
    },
    "en_tr": {
      "bleu": 0.02677645622526096,
      "chrf": 19.230795935552372,
      "count": 10
    },
    "uk_en": {
      "bleu": 3.990771978473841,
      "chrf": 23.26963142944312,
      "count": 10
    },
    "en_uk": {
      "bleu": 0.0004700479438680954,
      "chrf": 9.866500333553073,
      "count": 10
    }
  },
  "averages": {
    "base_languages": {
      "bleu": 0.2545335598212397,
      "chrf": 12.454771311527676
    },
    "target_languages": {
      "bleu": 1.704616227424681,
      "chrf": 17.621935168201347
    }
  }
}