{
  "model_name": "google/gemma-3-1b-it",
  "evaluation_type": "zero_shot_baseline",
  "results": {
    "az_en": {
      "bleu": 9.024419314654425,
      "chrf": 15.36706188024038,
      "count": 1
    },
    "en_az": {
      "bleu": 2.9778072582562382e-05,
      "chrf": 6.961125321742201,
      "count": 1
    },
    "be_en": {
      "bleu": 0.10398406972640659,
      "chrf": 9.60668450457456,
      "count": 1
    },
    "en_be": {
      "bleu": 2.493244423469319e-05,
      "chrf": 2.071234499940899,
      "count": 1
    },
    "tr_en": {
      "bleu": 0.11612147153829129,
      "chrf": 17.093890762393112,
      "count": 1
    },
    "en_tr": {
      "bleu": 1.6919586400763978e-05,
      "chrf": 9.869090159771563,
      "count": 1
    },
    "uk_en": {
      "bleu": 33.9425419921221,
      "chrf": 35.936310330704146,
      "count": 1
    },
    "en_uk": {
      "bleu": 0.11018998021964975,
      "chrf": 15.103441795685718,
      "count": 1
    }
  },
  "averages": {
    "base_languages": {
      "bleu": 2.2821145237244123,
      "chrf": 8.50152655162451
    },
    "target_languages": {
      "bleu": 8.542217590866612,
      "chrf": 19.500683262138637
    }
  }
}