{
  "model_name": "google/gemma-3-1b-it",
  "evaluation_type": "zero_shot_baseline",
  "results": {
    "az_en": {
      "bleu": 1.5792637844411486,
      "chrf": 15.458240559618309,
      "count": 96
    },
    "en_az": {
      "bleu": 8.432506409764263e-06,
      "chrf": 1.06336543013585,
      "count": 96
    },
    "be_en": {
      "bleu": 3.169781986534973,
      "chrf": 17.596526710261102,
      "count": 96
    },
    "en_be": {
      "bleu": 0.01029747992343325,
      "chrf": 5.456627626381241,
      "count": 96
    },
    "tr_en": {
      "bleu": 1.9070964317432069,
      "chrf": 16.438175900288126,
      "count": 96
    },
    "en_tr": {
      "bleu": 0.0060721317978021045,
      "chrf": 9.784965437621409,
      "count": 96
    },
    "uk_en": {
      "bleu": 1.0628346831796622,
      "chrf": 8.91050212316659,
      "count": 96
    },
    "en_uk": {
      "bleu": 0.5052841610485945,
      "chrf": 3.370207792419654,
      "count": 96
    }
  },
  "averages": {
    "base_languages": {
      "bleu": 1.189837920851491,
      "chrf": 9.893690081599125
    },
    "target_languages": {
      "bleu": 0.8703218519423165,
      "chrf": 9.625962813373945
    }
  }
}