{
  "config": {
    "meta_steps": 50,
    "inner_steps": 5,
    "support_size": 5,
    "query_size": 3,
    "model": "google/gemma-3-1b-it",
    "base_langs": [
      "az",
      "be",
      "en"
    ],
    "target_langs": [
      "tr",
      "uk"
    ],
    "adapter_mode": "all"
  },
  "training_history": {
    "az_en": [
      9.194274531677046,
      10.244415071177885,
      12.703104948587415,
      7.427743222352522,
      7.5635792696238004,
      7.825131942454519,
      9.732950572312449,
      9.862754102041857,
      10.920147290634537,
      10.632611973579548,
      11.242671596148398,
      11.92334351433189,
      10.835839372851135,
      10.3974617347314,
      9.927336543870734,
      11.109516631073198,
      9.937898492062944,
      10.010644036220446,
      9.926928827637255,
      12.430242571891952,
      10.666101579214205,
      10.182849754445714,
      10.100660358173776,
      10.248120095812773,
      10.015750383114671,
      10.064896602741477,
      8.58170093611004,
      9.863106427571218,
      9.891509361599848,
      9.996309580642636,
      12.419824462630352,
      13.118909557551389,
      8.491262065513913,
      9.91804780553219,
      11.056001295010338,
      6.6176942003435855,
      10.157973148726287,
      5.401577273001908,
      9.628651729763183,
      5.065753072962349,
      11.863906980627931,
      9.096418964676621,
      9.877649362669404,
      5.48416405071776,
      11.214925032694815,
      10.354031240007686,
      9.480982409694883,
      7.836727418974861,
      9.328984951541452,
      10.394927275755363
    ],
    "en_be": [
      1.796603242513222,
      0.7919145188287668,
      1.4123987601560692,
      2.8709650836481226,
      2.5234797618227502,
      2.144307389037964,
      2.373860419942473,
      2.421496846952463,
      2.1076112324378236,
      2.9296756821804095,
      3.00653310609941,
      3.365378264740641,
      3.32708271406323,
      2.9402897070573695,
      2.5819804079741497,
      2.2435255700567613,
      3.682795629194807,
      2.917516466250438,
      3.3915624357349916,
      3.134572643579279,
      2.5497312948153095,
      3.6308360425326995,
      4.118957662051442,
      3.546376735264854,
      2.6264808847190113,
      3.6257082767693105,
      3.7163305120376773,
      4.692005353478219,
      5.1562539365808995,
      3.7209271055801145,
      4.010526506884109,
      4.8795989706516885,
      5.073301958056418,
      4.417005821873082,
      3.9325001475927874,
      5.115683520148325,
      4.413687116120484,
      4.826959967043112,
      3.857604555539346,
      4.373545565528931,
      4.870866965816121,
      2.8942200695750593,
      4.363967928666386,
      4.932353637138519,
      5.168288128037289,
      5.091412034432224,
      4.164573813193406,
      5.045466581233264,
      5.096172073707041,
      4.689580252256692
    ],
    "en_az": [
      2.4892664708229133,
      2.662293126482863,
      2.4472228168258137,
      3.28481148961619,
      2.28267453099958,
      2.62762957278575,
      2.794878442690079,
      2.9731458976858693,
      2.749161983470371,
      2.9508472610270324,
      2.6633957998229096,
      2.835858327140689,
      1.8431526767961575,
      2.7910589501916565,
      2.3225032098048852,
      1.963858603088663,
      2.6284700309116333,
      3.0874111217437963,
      2.4441138325457885,
      3.275040046961045,
      3.4933791710840585,
      3.0530702668512837,
      3.308088757721285,
      2.0575363336247334,
      2.736226157607879,
      2.4427820043294224,
      3.418476874994585,
      2.0392391786874797,
      3.767563506640569,
      3.4340679702850196,
      2.899347809812042,
      3.411409982152369,
      3.4318382972709536,
      3.6334502786149314,
      2.795645898648608,
      3.4630395113588723,
      3.4342045415400353,
      3.313395028853188,
      3.821247607743597,
      3.1883525377629716,
      3.163160074300682,
      3.123930219697453,
      2.4602549318095694,
      3.4930690760864063,
      3.33897187066504,
      3.2356692420860242,
      2.4482723021467776,
      3.1588955228938964,
      3.1332690194678534,
      3.440579668192591
    ],
    "be_en": [
      13.3248820300995,
      12.301843432047514,
      11.61746525103773,
      12.319583560601131,
      14.101811571357809,
      12.270860922140018,
      7.0914709357581875,
      7.644868261340143,
      9.262211533033014,
      8.73540398157274,
      10.493446547487883,
      8.948655061511586,
      9.771370902655832,
      8.426691541315837,
      9.861220077055366,
      13.247054308944266,
      10.172783553423262,
      11.192635484566757,
      10.936563742144983,
      11.05208114164058,
      8.671974772333476,
      14.103731705317314,
      16.695197492812927,
      10.264881418867217,
      7.980089108562762,
      11.252995736145527,
      10.69781314303429,
      10.064629301669138,
      10.29149378568746,
      12.544172267514549,
      10.434435634315426,
      10.060950070321732,
      11.059242213240218,
      11.148244673104706,
      16.210425021224122,
      13.251788580786071,
      11.315581701092649,
      11.537969854204485,
      14.743334187874574,
      12.990413738281946,
      13.783743803327075,
      11.656350442765884,
      15.641921038833386,
      12.582767332469034,
      11.577106139183558,
      11.744875570324238,
      15.076548517354617,
      10.880338858367088,
      10.9827443239067,
      10.145639354259233
    ],
    "meta_average": [
      6.70125656877817,
      6.500116537134256,
      7.045047944151757,
      6.475775839054491,
      6.617886283450985,
      6.216982456604563,
      5.498290092675797,
      5.725566277005083,
      6.259783009893937,
      6.312134724589932,
      6.85151176238965,
      6.768308791931202,
      6.444361416591589,
      6.138875483324066,
      6.173260059676284,
      7.140988778290722,
      6.605486926398162,
      6.802051777195359,
      6.674792209515754,
      7.4729841010182145,
      6.345296704361762,
      7.742621942286752,
      8.555726067689857,
      6.529228645892394,
      5.839636633501081,
      6.846595654996435,
      6.603580366544148,
      6.664745065351514,
      7.276705147627195,
      7.423869231005581,
      7.4410336034104825,
      7.867717145169294,
      7.013911133520376,
      7.279187144781227,
      8.498643090618964,
      7.112051453159213,
      7.330361626869863,
      6.269975530775673,
      8.012709520230175,
      6.404516228634049,
      8.420419456017953,
      6.692729924178754,
      8.085948315494687,
      6.623088524102929,
      7.824822792645175,
      7.606497021712544,
      7.79259426059742,
      6.730357095367277,
      7.135292592155762,
      7.167681637615969
    ],
    "test_performance": [
      NaN,
      NaN,
      NaN,
      NaN,
      NaN
    ]
  },
  "final_performance": {
    "az_en": {
      "initial": 9.194274531677046,
      "final": 10.394927275755363,
      "improvement": 1.200652744078317
    },
    "en_be": {
      "initial": 1.796603242513222,
      "final": 4.689580252256692,
      "improvement": 2.89297700974347
    },
    "en_az": {
      "initial": 2.4892664708229133,
      "final": 3.440579668192591,
      "improvement": 0.9513131973696778
    },
    "be_en": {
      "initial": 13.3248820300995,
      "final": 10.145639354259233,
      "improvement": -3.1792426758402677
    },
    "meta_average": {
      "initial": 6.70125656877817,
      "final": 7.167681637615969,
      "improvement": 0.46642506883779866
    },
    "test_performance": {
      "initial": NaN,
      "final": NaN,
      "improvement": NaN
    }
  }
}