{
  "config": {
    "model": "google/gemma-3-1b-it",
    "support_size": 5,
    "base_langs": [
      "az",
      "be",
      "en"
    ],
    "target_langs": [
      "tr",
      "uk"
    ]
  },
  "evaluations": {
    "zero_shot": {
      "az_tr": 2.569451885322156,
      "az_en": 8.341803063207472,
      "be_en": 19.67136756038739,
      "en_be": 0.46154610268888957,
      "uk_be": 0.24149863695720214,
      "en_tr": 17.538885165001044,
      "be_uk": 0.7990691044880439,
      "uk_en": 21.19869839901194,
      "en_az": 0.9888070041141587,
      "tr_en": 22.77571245526139,
      "en_uk": 0.09507635203003584,
      "tr_az": 4.990367679308906
    },
    "few_shot_1": {
      "az_tr": 2.2070576869582887,
      "uk_be": 1.0479137654767314,
      "en_tr": 3.7704629009512685,
      "be_uk": 0.6713450992774552,
      "uk_en": 10.76455114080662,
      "tr_en": 8.303815828549954,
      "en_uk": 0.16485125591025418,
      "tr_az": 1.6607193317707718
    },
    "few_shot_5": {
      "az_tr": 5.888133650550387,
      "uk_be": 4.061074120317679,
      "en_tr": 11.680197391692598,
      "be_uk": 3.260559176327571,
      "uk_en": 10.610348772749253,
      "tr_en": 9.183106207487445,
      "en_uk": 1.849831953286244,
      "tr_az": 4.187539863449901
    },
    "transfer_1": {
      "az_tr": 2.185996123356389,
      "uk_be": 1.0479137654767314,
      "en_tr": 3.7704629009512685,
      "be_uk": 0.6713450992774552,
      "uk_en": 10.76455114080662,
      "tr_en": 8.303815828549954,
      "en_uk": 0.16485125591025418,
      "tr_az": 1.6607193317707718
    },
    "transfer_5": {
      "az_tr": 5.888133650550387,
      "uk_be": 4.061074120317679,
      "en_tr": 11.680197391692598,
      "be_uk": 3.260559176327571,
      "uk_en": 10.610348772749253,
      "tr_en": 9.183106207487445,
      "en_uk": 1.849831953286244,
      "tr_az": 4.187539863449901
    }
  },
  "summary": {
    "zero_shot": {
      "mean": 8.306023617314887,
      "min": 0.09507635203003584,
      "max": 22.77571245526139,
      "count": 12
    },
    "few_shot_1": {
      "mean": 3.573839626212668,
      "min": 0.16485125591025418,
      "max": 10.76455114080662,
      "count": 8
    },
    "few_shot_5": {
      "mean": 6.340098891982635,
      "min": 1.849831953286244,
      "max": 11.680197391692598,
      "count": 8
    },
    "transfer_1": {
      "mean": 3.571206930762431,
      "min": 0.16485125591025418,
      "max": 10.76455114080662,
      "count": 8
    },
    "transfer_5": {
      "mean": 6.340098891982635,
      "min": 1.849831953286244,
      "max": 11.680197391692598,
      "count": 8
    }
  }
}