meta_step,en_az,en_be,be_en,az_en,meta_average,test_performance
0,1.4957787212021045,0.38345364700927426,7.773516696609199,10.352705903814156,5.001363742158683,
1,1.4772384293580298,0.6769120499596798,8.98394401469756,10.606392972501562,5.4361218666292075,
